x,numerical,analytical,error
0,3.08194,3.07716,0.00477613
0.00628947,3.08677,3.082,0.00477602
0.0125789,3.09161,3.08684,0.00477591
0.0188684,3.09645,3.09168,0.0047758
0.0251579,3.10129,3.09651,0.00477569
0.0314474,3.10613,3.10135,0.00477557
0.0377368,3.11097,3.10619,0.00477546
0.0440263,3.1158,3.11103,0.00477534
0.0503158,3.12064,3.11587,0.00477523
0.0566053,3.12548,3.12071,0.00477511
0.0628947,3.13032,3.12554,0.00477499
0.0691842,3.13516,3.13038,0.00477487
0.0754737,3.14,3.13522,0.00477474
0.0817632,3.14483,3.14006,0.00477461
0.0880526,3.14967,3.1449,0.00477448
0.0943421,3.15451,3.14974,0.00477435
0.100632,3.15935,3.15457,0.00477422
0.106921,3.16419,3.15941,0.00477408
0.113211,3.16903,3.16425,0.00477394
0.1195,3.17386,3.16909,0.00477379
0.125789,3.1787,3.17393,0.00477364
0.132079,3.18354,3.17877,0.00477349
0.138368,3.18838,3.18361,0.00477333
0.144658,3.19322,3.18844,0.00477317
0.150947,3.19806,3.19328,0.004773
0.157237,3.20289,3.19812,0.00477283
0.163526,3.20773,3.20296,0.00477265
0.169816,3.21257,3.2078,0.00477246
0.176105,3.21741,3.21264,0.00477227
0.182395,3.22225,3.21747,0.00477207
0.188684,3.22708,3.22231,0.00477186
0.194974,3.23192,3.22715,0.00477164
0.201263,3.23676,3.23199,0.00477142
0.207553,3.2416,3.23683,0.00477118
0.213842,3.24644,3.24167,0.00477094
0.220132,3.25128,3.2465,0.00477068
0.226421,3.25611,3.25134,0.00477041
0.232711,3.26095,3.25618,0.00477013
0.239,3.26579,3.26102,0.00476983
0.24529,3.27063,3.26586,0.00476953
0.251579,3.27547,3.2707,0.0047692
0.257868,3.2803,3.27554,0.00476886
0.264158,3.28514,3.28037,0.0047685
0.270447,3.28998,3.28521,0.00476813
0.276737,3.29482,3.29005,0.00476773
0.283026,3.29966,3.29489,0.00476732
0.289316,3.30449,3.29973,0.00476688
0.295605,3.30933,3.30457,0.00476642
0.301895,3.31417,3.3094,0.00476593
0.308184,3.31901,3.31424,0.00476542
0.314474,3.32385,3.31908,0.00476488
0.320763,3.32868,3.32392,0.00476431
0.327053,3.33352,3.32876,0.00476371
0.333342,3.33836,3.3336,0.00476308
0.339632,3.3432,3.33843,0.00476241
0.345921,3.34804,3.34327,0.00476171
0.352211,3.35287,3.34811,0.00476096
0.3585,3.35771,3.35295,0.00476018
0.36479,3.36255,3.35779,0.00475935
0.371079,3.36739,3.36263,0.00475848
0.377368,3.37222,3.36747,0.00475756
0.383658,3.37706,3.3723,0.00475658
0.389947,3.3819,3.37714,0.00475556
0.396237,3.38674,3.38198,0.00475447
0.402526,3.39157,3.38682,0.00475333
0.408816,3.39641,3.39166,0.00475213
0.415105,3.40125,3.3965,0.00475086
0.421395,3.40608,3.40133,0.00474952
0.427684,3.41092,3.40617,0.00474811
0.433974,3.41576,3.41101,0.00474663
0.440263,3.42059,3.41585,0.00474506
0.446553,3.42543,3.42069,0.00474341
0.452842,3.43027,3.42553,0.00474168
0.459132,3.43511,3.43037,0.00473985
0.465421,3.43994,3.4352,0.00473793
0.471711,3.44478,3.44004,0.00473591
0.478,3.44961,3.44488,0.00473378
0.48429,3.45445,3.44972,0.00473155
0.490579,3.45929,3.45456,0.0047292
0.496869,3.46412,3.4594,0.00472673
0.503158,3.46896,3.46423,0.00472414
0.509447,3.47379,3.46907,0.00472142
0.515737,3.47863,3.47391,0.00471856
0.522026,3.48347,3.47875,0.00471556
0.528316,3.4883,3.48359,0.00471242
0.534605,3.49314,3.48843,0.00470913
0.540895,3.49797,3.49326,0.00470568
0.547184,3.50281,3.4981,0.00470206
0.553474,3.50764,3.50294,0.00469828
0.559763,3.51247,3.50778,0.00469431
0.566053,3.51731,3.51262,0.00469017
0.572342,3.52214,3.51746,0.00468583
0.578632,3.52698,3.5223,0.0046813
0.584921,3.53181,3.52713,0.00467656
0.591211,3.53664,3.53197,0.00467161
0.5975,3.54148,3.53681,0.00466644
0.60379,3.54631,3.54165,0.00466105
0.610079,3.55114,3.54649,0.00465542
0.616369,3.55598,3.55133,0.00464956
0.622658,3.56081,3.55616,0.00464344
0.628947,3.56564,3.561,0.00463707
0.635237,3.57047,3.56584,0.00463043
0.641526,3.5753,3.57068,0.00462352
0.647816,3.58013,3.57552,0.00461633
0.654105,3.58497,3.58036,0.00460885
0.660395,3.5898,3.58519,0.00460107
0.666684,3.59463,3.59003,0.00459299
0.672974,3.59946,3.59487,0.00458459
0.679263,3.60429,3.59971,0.00457587
0.685553,3.60912,3.60455,0.00456682
0.691842,3.61394,3.60939,0.00455744
0.698132,3.61877,3.61423,0.0045477
0.704421,3.6236,3.61906,0.00453761
0.710711,3.62843,3.6239,0.00452715
0.717,3.63326,3.62874,0.00451633
0.72329,3.63808,3.63358,0.00450512
0.729579,3.64291,3.63842,0.00449352
0.735869,3.64774,3.64326,0.00448153
0.742158,3.65256,3.64809,0.00446913
0.748447,3.65739,3.65293,0.00445632
0.754737,3.66221,3.65777,0.00444308
0.761026,3.66704,3.66261,0.00442942
0.767316,3.67186,3.66745,0.00441532
0.773605,3.67669,3.67229,0.00440078
0.779895,3.68151,3.67713,0.00438579
0.786184,3.68633,3.68196,0.00437034
0.792474,3.69116,3.6868,0.00435443
0.798763,3.69598,3.69164,0.00433804
0.805053,3.7008,3.69648,0.00432118
0.811342,3.70562,3.70132,0.00430383
0.817632,3.71044,3.70616,0.00428599
0.823921,3.71526,3.71099,0.00426766
0.830211,3.72008,3.71583,0.00424883
0.8365,3.7249,3.72067,0.00422949
0.84279,3.72972,3.72551,0.00420964
0.849079,3.73454,3.73035,0.00418928
0.855369,3.73935,3.73519,0.0041684
0.861658,3.74417,3.74002,0.004147
0.867948,3.74899,3.74486,0.00412508
0.874237,3.7538,3.7497,0.00410263
0.880526,3.75862,3.75454,0.00407965
0.886816,3.76343,3.75938,0.00405613
0.893105,3.76825,3.76422,0.00403209
0.899395,3.77306,3.76906,0.00400751
0.905684,3.77788,3.77389,0.0039824
0.911974,3.78269,3.77873,0.00395675
0.918263,3.7875,3.78357,0.00393057
0.924553,3.79231,3.78841,0.00390386
0.930842,3.79712,3.79325,0.00387662
0.937132,3.80193,3.79809,0.00384885
0.943421,3.80674,3.80292,0.00382055
0.949711,3.81155,3.80776,0.00379174
0.956,3.81636,3.8126,0.0037624
0.96229,3.82117,3.81744,0.00373255
0.968579,3.82598,3.82228,0.00370218
0.974869,3.83079,3.82712,0.00367132
0.981158,3.83559,3.83195,0.00363995
0.987448,3.8404,3.83679,0.00360809
0.993737,3.84521,3.84163,0.00357575
1.00003,3.85001,3.84647,0.00354292
1.00632,3.85482,3.85131,0.00350963
1.01261,3.85962,3.85615,0.00347588
1.01889,3.86443,3.86099,0.00344167
1.02518,3.86923,3.86582,0.00340703
1.03147,3.87403,3.87066,0.00337195
1.03776,3.87884,3.8755,0.00333645
1.04405,3.88364,3.88034,0.00330053
1.05034,3.88844,3.88518,0.00326423
1.05663,3.89324,3.89002,0.00322753
1.06292,3.89804,3.89485,0.00319046
1.06921,3.90285,3.89969,0.00315304
1.0755,3.90765,3.90453,0.00311526
1.08179,3.91245,3.90937,0.00307716
1.08808,3.91725,3.91421,0.00303873
1.09437,3.92205,3.91905,0.00300001
1.10066,3.92685,3.92388,0.00296099
1.10695,3.93165,3.92872,0.00292171
1.11324,3.93644,3.93356,0.00288217
1.11953,3.94124,3.9384,0.00284239
1.12582,3.94604,3.94324,0.00280239
1.13211,3.95084,3.94808,0.00276218
1.13839,3.95564,3.95292,0.00272179
1.14468,3.96044,3.95775,0.00268123
1.15097,3.96523,3.96259,0.00264051
1.15726,3.97003,3.96743,0.00259966
1.16355,3.97483,3.97227,0.0025587
1.16984,3.97963,3.97711,0.00251763
1.17613,3.98442,3.98195,0.00247649
1.18242,3.98922,3.98678,0.00243528
1.18871,3.99402,3.99162,0.00239404
1.195,3.99881,3.99646,0.00235277
1.20129,4.00361,4.0013,0.00231149
1.20758,4.00841,4.00614,0.00227023
1.21387,4.01321,4.01098,0.00222901
1.22016,4.018,4.01582,0.00218783
1.22645,4.0228,4.02065,0.00214673
1.23274,4.0276,4.02549,0.00210571
1.23903,4.0324,4.03033,0.0020648
1.24532,4.03719,4.03517,0.00202401
1.25161,4.04199,4.04001,0.00198337
1.25789,4.04679,4.04485,0.00194289
1.26418,4.05159,4.04968,0.00190259
1.27047,4.05639,4.05452,0.00186249
1.27676,4.06118,4.05936,0.00182259
1.28305,4.06598,4.0642,0.00178293
1.28934,4.07078,4.06904,0.00174352
1.29563,4.07558,4.07388,0.00170437
1.30192,4.08038,4.07871,0.00166549
1.30821,4.08518,4.08355,0.00162691
1.3145,4.08998,4.08839,0.00158865
1.32079,4.09478,4.09323,0.0015507
1.32708,4.09958,4.09807,0.00151309
1.33337,4.10438,4.10291,0.00147584
1.33966,4.10918,4.10775,0.00143895
1.34595,4.11399,4.11258,0.00140244
1.35224,4.11879,4.11742,0.00136632
1.35853,4.12359,4.12226,0.0013306
1.36482,4.12839,4.1271,0.0012953
1.37111,4.1332,4.13194,0.00126043
1.37739,4.138,4.13678,0.00122599
1.38368,4.14281,4.14161,0.00119199
1.38997,4.14761,4.14645,0.00115845
1.39626,4.15242,4.15129,0.00112538
1.40255,4.15722,4.15613,0.00109277
1.40884,4.16203,4.16097,0.00106065
1.41513,4.16684,4.16581,0.00102901
1.42142,4.17164,4.17064,0.000997871
1.42771,4.17645,4.17548,0.000967228
1.434,4.18126,4.18032,0.000937091
1.44029,4.18607,4.18516,0.000907465
1.44658,4.19088,4.19,0.000878353
1.45287,4.19569,4.19484,0.000849761
1.45916,4.2005,4.19968,0.000821691
1.46545,4.20531,4.20451,0.000794146
1.47174,4.21012,4.20935,0.000767128
1.47803,4.21493,4.21419,0.000740639
1.48432,4.21974,4.21903,0.000714681
1.49061,4.22456,4.22387,0.000689255
1.49689,4.22937,4.22871,0.00066436
1.50318,4.23418,4.23354,0.000639996
1.50947,4.239,4.23838,0.000616163
1.51576,4.24381,4.24322,0.00059286
1.52205,4.24863,4.24806,0.000570084
1.52834,4.25345,4.2529,0.000547835
1.53463,4.25826,4.25774,0.000526109
1.54092,4.26308,4.26258,0.000504905
1.54721,4.2679,4.26741,0.000484217
1.5535,4.27272,4.27225,0.000464044
1.55979,4.27753,4.27709,0.00044438
1.56608,4.28235,4.28193,0.000425222
1.57237,4.28717,4.28677,0.000406565
1.57866,4.29199,4.29161,0.000388403
1.58495,4.29681,4.29644,0.000370732
1.59124,4.30164,4.30128,0.000353546
1.59753,4.30646,4.30612,0.000336839
1.60382,4.31128,4.31096,0.000320605
1.61011,4.3161,4.3158,0.000304837
1.6164,4.32093,4.32064,0.000289529
1.62268,4.32575,4.32547,0.000274674
1.62897,4.33057,4.33031,0.000260265
1.63526,4.3354,4.33515,0.000246295
1.64155,4.34022,4.33999,0.000232756
1.64784,4.34505,4.34483,0.000219641
1.65413,4.34987,4.34967,0.000206942
1.66042,4.3547,4.35451,0.000194651
1.66671,4.35953,4.35934,0.00018276
1.673,4.36435,4.36418,0.000171262
1.67929,4.36918,4.36902,0.000160148
1.68558,4.37401,4.37386,0.00014941
1.69187,4.37884,4.3787,0.00013904
1.69816,4.38366,4.38354,0.000129029
1.70445,4.38849,4.38837,0.00011937
1.71074,4.39332,4.39321,0.000110054
1.71703,4.39815,4.39805,0.000101073
1.72332,4.40298,4.40289,9.24174e-05
1.72961,4.40781,4.40773,8.40803e-05
1.7359,4.41264,4.41257,7.60531e-05
1.74218,4.41747,4.4174,6.83275e-05
1.74847,4.4223,4.42224,6.08953e-05
1.75476,4.42714,4.42708,5.37485e-05
1.76105,4.43197,4.43192,4.68789e-05
1.76734,4.4368,4.43676,4.02785e-05
1.77363,4.44163,4.4416,3.39395e-05
1.77992,4.44646,4.44644,2.78541e-05
1.78621,4.4513,4.45127,2.20145e-05
1.7925,4.45613,4.45611,1.64131e-05
1.79879,4.46096,4.46095,1.10423e-05
1.80508,4.4658,4.46579,5.89488e-06
1.81137,4.47063,4.47063,9.63431e-07
1.81766,4.47546,4.47547,3.75919e-06
1.82395,4.4803,4.4803,8.28001e-06
1.83024,4.48513,4.48514,1.26059e-05
1.83653,4.48996,4.48998,1.67438e-05
1.84282,4.4948,4.49482,2.07001e-05
1.84911,4.49963,4.49966,2.44815e-05
1.8554,4.50447,4.5045,2.80943e-05
1.86168,4.5093,4.50933,3.15446e-05
1.86797,4.51414,4.51417,3.48387e-05
1.87426,4.51897,4.51901,3.79823e-05
1.88055,4.52381,4.52385,4.09813e-05
1.88684,4.52864,4.52869,4.38413e-05
1.89313,4.53348,4.53353,4.65678e-05
1.89942,4.53832,4.53837,4.91661e-05
1.90571,4.54315,4.5432,5.16414e-05
1.912,4.54799,4.54804,5.39988e-05
1.91829,4.55282,4.55288,5.62431e-05
1.92458,4.55766,4.55772,5.8379e-05
1.93087,4.5625,4.56256,6.04113e-05
1.93716,4.56733,4.5674,6.23442e-05
1.94345,4.57217,4.57223,6.41822e-05
1.94974,4.57701,4.57707,6.59295e-05
1.95603,4.58184,4.58191,6.759e-05
1.96232,4.58668,4.58675,6.91676e-05
1.96861,4.59152,4.59159,7.06662e-05
1.9749,4.59635,4.59643,7.20893e-05
1.98118,4.60119,4.60127,7.34405e-05
1.98747,4.60603,4.6061,7.47231e-05
1.99376,4.61087,4.61094,7.59404e-05
2.00005,4.6157,4.61578,7.70955e-05
2.00634,4.62054,4.62062,7.81914e-05
2.01263,4.62538,4.62546,7.9231e-05
2.01892,4.63022,4.6303,8.02171e-05
2.02521,4.63505,4.63513,8.11524e-05
2.0315,4.63989,4.63997,8.20393e-05
2.03779,4.64473,4.64481,8.28805e-05
2.04408,4.64957,4.64965,8.36781e-05
2.05037,4.6544,4.65449,8.44345e-05
2.05666,4.65924,4.65933,8.51518e-05
2.06295,4.66408,4.66416,8.58321e-05
2.06924,4.66892,4.669,8.64773e-05
2.07553,4.67375,4.67384,8.70893e-05
2.08182,4.67859,4.67868,8.76699e-05
2.08811,4.68343,4.68352,8.82209e-05
2.0944,4.68827,4.68836,8.87438e-05
2.10068,4.69311,4.6932,8.92403e-05
2.10697,4.69794,4.69803,8.97117e-05
2.11326,4.70278,4.70287,9.01596e-05
2.11955,4.70762,4.70771,9.05852e-05
2.12584,4.71246,4.71255,9.09898e-05
2.13213,4.7173,4.71739,9.13747e-05
2.13842,4.72213,4.72223,9.1741e-05
2.14471,4.72697,4.72706,9.20897e-05
2.151,4.73181,4.7319,9.2422e-05
2.15729,4.73665,4.73674,9.27388e-05
2.16358,4.74149,4.74158,9.3041e-05
2.16987,4.74632,4.74642,9.33295e-05
2.17616,4.75116,4.75126,9.36052e-05
2.18245,4.756,4.75609,9.38689e-05
2.18874,4.76084,4.76093,9.41212e-05
2.19503,4.76568,4.76577,9.43629e-05
2.20132,4.77052,4.77061,9.45947e-05
2.20761,4.77535,4.77545,9.48172e-05
2.2139,4.78019,4.78029,9.5031e-05
2.22018,4.78503,4.78513,9.52366e-05
2.22647,4.78987,4.78996,9.54346e-05
2.23276,4.79471,4.7948,9.56255e-05
2.23905,4.79954,4.79964,9.58097e-05
2.24534,4.80438,4.80448,9.59877e-05
2.25163,4.80922,4.80932,9.61599e-05
2.25792,4.81406,4.81416,9.63267e-05
2.26421,4.8189,4.81899,9.64884e-05
2.2705,4.82374,4.82383,9.66454e-05
2.27679,4.82857,4.82867,9.6798e-05
2.28308,4.83341,4.83351,9.69466e-05
2.28937,4.83825,4.83835,9.70913e-05
2.29566,4.84309,4.84319,9.72325e-05
2.30195,4.84793,4.84803,9.73704e-05
2.30824,4.85277,4.85286,9.75052e-05
2.31453,4.8576,4.8577,9.76372e-05
2.32082,4.86244,4.86254,9.77666e-05
2.32711,4.86728,4.86738,9.78935e-05
2.3334,4.87212,4.87222,9.80182e-05
2.33968,4.87696,4.87706,9.81407e-05
2.34597,4.8818,4.88189,9.82613e-05
2.35226,4.88663,4.88673,9.838e-05
2.35855,4.89147,4.89157,9.84971e-05
2.36484,4.89631,4.89641,9.86127e-05
2.37113,4.90115,4.90125,9.87268e-05
2.37742,4.90599,4.90609,9.88396e-05
2.38371,4.91083,4.91092,9.89512e-05
2.39,4.91566,4.91576,9.90616e-05
2.39629,4.9205,4.9206,9.9171e-05
2.40258,4.92534,4.92544,9.92794e-05
2.40887,4.93018,4.93028,9.93869e-05
2.41516,4.93502,4.93512,9.94936e-05
2.42145,4.93986,4.93996,9.95996e-05
2.42774,4.94469,4.94479,9.97048e-05
2.43403,4.94953,4.94963,9.98094e-05
2.44032,4.95437,4.95447,9.99135e-05
2.44661,4.95921,4.95931,0.000100017
2.4529,4.96405,4.96415,0.00010012
2.45918,4.96889,4.96899,0.000100222
2.46547,4.97372,4.97382,0.000100325
2.47176,4.97856,4.97866,0.000100426
2.47805,4.9834,4.9835,0.000100528
2.48434,4.98824,4.98834,0.000100629
2.49063,4.99308,4.99318,0.000100729
2.49692,4.99792,4.99802,0.00010083
2.50321,5.00275,5.00285,0.00010093
2.5095,5.00759,5.00769,0.00010103
2.51579,5.01243,5.01253,0.00010113
2.52208,5.01727,5.01737,0.000101229
2.52837,5.02211,5.02221,0.000101329
2.53466,5.02695,5.02705,0.000101428
2.54095,5.03178,5.03189,0.000101527
2.54724,5.03662,5.03672,0.000101626
2.55353,5.04146,5.04156,0.000101725
2.55982,5.0463,5.0464,0.000101824
2.56611,5.05114,5.05124,0.000101922
2.5724,5.05598,5.05608,0.000102021
2.57868,5.06081,5.06092,0.000102119
2.58497,5.06565,5.06575,0.000102218
2.59126,5.07049,5.07059,0.000102316
2.59755,5.07533,5.07543,0.000102414
2.60384,5.08017,5.08027,0.000102512
2.61013,5.08501,5.08511,0.000102611
2.61642,5.08984,5.08995,0.000102709
2.62271,5.09468,5.09478,0.000102807
2.629,5.09952,5.09962,0.000102905
2.63529,5.10436,5.10446,0.000103003
2.64158,5.1092,5.1093,0.000103101
2.64787,5.11404,5.11414,0.000103199
2.65416,5.11887,5.11898,0.000103296
2.66045,5.12371,5.12382,0.000103394
2.66674,5.12855,5.12865,0.000103492
2.67303,5.13339,5.13349,0.00010359
2.67932,5.13823,5.13833,0.000103688
2.68561,5.14307,5.14317,0.000103786
2.6919,5.1479,5.14801,0.000103883
2.69818,5.15274,5.15285,0.000103981
2.70447,5.15758,5.15768,0.000104079
2.71076,5.16242,5.16252,0.000104177
2.71705,5.16726,5.16736,0.000104274
2.72334,5.1721,5.1722,0.000104372
2.72963,5.17693,5.17704,0.00010447
2.73592,5.18177,5.18188,0.000104567
2.74221,5.18661,5.18672,0.000104665
2.7485,5.19145,5.19155,0.000104763
2.75479,5.19629,5.19639,0.00010486
2.76108,5.20113,5.20123,0.000104958
2.76737,5.20596,5.20607,0.000105056
2.77366,5.2108,5.21091,0.000105153
2.77995,5.21564,5.21575,0.000105251
2.78624,5.22048,5.22058,0.000105349
2.79253,5.22532,5.22542,0.000105446
2.79882,5.23016,5.23026,0.000105544
2.80511,5.23499,5.2351,0.000105642
2.8114,5.23983,5.23994,0.000105739
2.81768,5.24467,5.24478,0.000105837
2.82397,5.24951,5.24961,0.000105935
2.83026,5.25435,5.25445,0.000106032
2.83655,5.25919,5.25929,0.00010613
2.84284,5.26402,5.26413,0.000106228
2.84913,5.26886,5.26897,0.000106325
2.85542,5.2737,5.27381,0.000106423
2.86171,5.27854,5.27865,0.000106521
2.868,5.28338,5.28348,0.000106618
2.87429,5.28822,5.28832,0.000106716
2.88058,5.29305,5.29316,0.000106813
2.88687,5.29789,5.298,0.000106911
2.89316,5.30273,5.30284,0.000107009
2.89945,5.30757,5.30768,0.000107106
2.90574,5.31241,5.31251,0.000107204
2.91203,5.31725,5.31735,0.000107302
2.91832,5.32208,5.32219,0.000107399
2.92461,5.32692,5.32703,0.000107497
2.9309,5.33176,5.33187,0.000107595
2.93718,5.3366,5.33671,0.000107692
2.94347,5.34144,5.34154,0.00010779
2.94976,5.34628,5.34638,0.000107888
2.95605,5.35111,5.35122,0.000107985
2.96234,5.35595,5.35606,0.000108083
2.96863,5.36079,5.3609,0.00010818
2.97492,5.36563,5.36574,0.000108278
2.98121,5.37047,5.37058,0.000108376
2.9875,5.37531,5.37541,0.000108473
2.99379,5.38014,5.38025,0.000108571
3.00008,5.38498,5.38509,0.000108669
3.00637,5.38982,5.38993,0.000108766
3.01266,5.39466,5.39477,0.000108864
3.01895,5.3995,5.39961,0.000108962
3.02524,5.40434,5.40444,0.000109059
3.03153,5.40917,5.40928,0.000109157
3.03782,5.41401,5.41412,0.000109254
3.04411,5.41885,5.41896,0.000109352
3.0504,5.42369,5.4238,0.00010945
3.05668,5.42853,5.42864,0.000109547
3.06297,5.43337,5.43348,0.000109645
3.06926,5.4382,5.43831,0.000109743
3.07555,5.44304,5.44315,0.00010984
3.08184,5.44788,5.44799,0.000109938
3.08813,5.45272,5.45283,0.000110036
3.09442,5.45756,5.45767,0.000110133
3.10071,5.4624,5.46251,0.000110231
3.107,5.46723,5.46734,0.000110328
3.11329,5.47207,5.47218,0.000110426
3.11958,5.47691,5.47702,0.000110524
3.12587,5.48175,5.48186,0.000110621
3.13216,5.48659,5.4867,0.000110719
3.13845,5.49143,5.49154,0.000110817
3.14474,5.49626,5.49637,0.000110914
3.15103,5.5011,5.50121,0.000111012
3.15732,5.50594,5.50605,0.00011111
3.16361,5.51078,5.51089,0.000111207
3.1699,5.51562,5.51573,0.000111305
3.17618,5.52046,5.52057,0.000111403
3.18247,5.52529,5.52541,0.0001115
3.18876,5.53013,5.53024,0.000111598
3.19505,5.53497,5.53508,0.000111696
3.20134,5.53981,5.53992,0.000111793
3.20763,5.54465,5.54476,0.000111891
3.21392,5.54949,5.5496,0.000111989
3.22021,5.55432,5.55444,0.000112086
3.2265,5.55916,5.55927,0.000112184
3.23279,5.564,5.56411,0.000112282
3.23908,5.56884,5.56895,0.000112379
3.24537,5.57368,5.57379,0.000112477
3.25166,5.57852,5.57863,0.000112575
3.25795,5.58335,5.58347,0.000112672
3.26424,5.58819,5.5883,0.00011277
3.27053,5.59303,5.59314,0.000112868
3.27682,5.59787,5.59798,0.000112966
3.28311,5.60271,5.60282,0.000113064
3.2894,5.60755,5.60766,0.000113161
3.29568,5.61238,5.6125,0.000113259
3.30197,5.61722,5.61734,0.000113357
3.30826,5.62206,5.62217,0.000113455
3.31455,5.6269,5.62701,0.000113553
3.32084,5.63174,5.63185,0.000113651
3.32713,5.63658,5.63669,0.000113749
3.33342,5.64141,5.64153,0.000113847
3.33971,5.64625,5.64637,0.000113945
3.346,5.65109,5.6512,0.000114044
3.35229,5.65593,5.65604,0.000114142
3.35858,5.66077,5.66088,0.00011424
3.36487,5.66561,5.66572,0.000114339
3.37116,5.67044,5.67056,0.000114438
3.37745,5.67528,5.6754,0.000114537
3.38374,5.68012,5.68023,0.000114636
3.39003,5.68496,5.68507,0.000114735
3.39632,5.6898,5.68991,0.000114835
3.40261,5.69464,5.69475,0.000114935
3.4089,5.69947,5.69959,0.000115035
3.41518,5.70431,5.70443,0.000115135
3.42147,5.70915,5.70927,0.000115236
3.42776,5.71399,5.7141,0.000115338
3.43405,5.71883,5.71894,0.00011544
3.44034,5.72367,5.72378,0.000115542
3.44663,5.7285,5.72862,0.000115646
3.45292,5.73334,5.73346,0.00011575
3.45921,5.73818,5.7383,0.000115855
3.4655,5.74302,5.74313,0.000115961
3.47179,5.74786,5.74797,0.000116069
3.47808,5.7527,5.75281,0.000116178
3.48437,5.75753,5.75765,0.000116288
3.49066,5.76237,5.76249,0.000116401
3.49695,5.76721,5.76733,0.000116515
3.50324,5.77205,5.77217,0.000116632
3.50953,5.77689,5.777,0.000116752
3.51582,5.78173,5.78184,0.000116875
3.52211,5.78656,5.78668,0.000117001
3.5284,5.7914,5.79152,0.000117132
3.53468,5.79624,5.79636,0.000117267
3.54097,5.80108,5.8012,0.000117408
3.54726,5.80592,5.80603,0.000117555
3.55355,5.81075,5.81087,0.000117709
3.55984,5.81559,5.81571,0.000117871
3.56613,5.82043,5.82055,0.000118042
3.57242,5.82527,5.82539,0.000118224
3.57871,5.83011,5.83023,0.000118417
3.585,5.83495,5.83506,0.000118625
3.59129,5.83978,5.8399,0.000118848
3.59758,5.84462,5.84474,0.000119088
3.60387,5.84946,5.84958,0.000119349
3.61016,5.8543,5.85442,0.000119633
3.61645,5.85914,5.85926,0.000119944
3.62274,5.86397,5.8641,0.000120284
3.62903,5.86881,5.86893,0.000120659
3.63532,5.87365,5.87377,0.000121073
3.64161,5.87849,5.87861,0.000121532
3.6479,5.88333,5.88345,0.000122042
3.65418,5.88816,5.88829,0.000122609
3.66047,5.893,5.89313,0.000123243
3.66676,5.89784,5.89796,0.000123952
3.67305,5.90268,5.9028,0.000124747
3.67934,5.90751,5.90764,0.00012564
3.68563,5.91235,5.91248,0.000126645
3.69192,5.91719,5.91732,0.000127777
3.69821,5.92203,5.92216,0.000129053
3.7045,5.92686,5.92699,0.000130494
3.71079,5.9317,5.93183,0.000132124
3.71708,5.93654,5.93667,0.000133967
3.72337,5.94137,5.94151,0.000136054
3.72966,5.94621,5.94635,0.000138418
3.73595,5.95104,5.95118,0.000141098
3.74224,5.95588,5.95602,0.000144137
3.74853,5.96071,5.96086,0.000147585
3.75482,5.96555,5.9657,0.0001515
3.76111,5.97038,5.97054,0.000155944
3.7674,5.97521,5.97537,0.000160991
3.77368,5.98005,5.98021,0.000166724
3.77997,5.98488,5.98505,0.000173238
3.78626,5.98971,5.98989,0.00018064
3.79255,5.99454,5.99472,0.000189052
3.79884,5.99936,5.99956,0.000198612
3.80513,6.00419,6.0044,0.000209477
3.81142,6.00901,6.00923,0.000221828
3.81771,6.01384,6.01407,0.000235867
3.824,6.01866,6.01891,0.000251825
3.83029,6.02347,6.02374,0.000269963
3.83658,6.02829,6.02858,0.00029058
3.84287,6.0331,6.03341,0.000314013
3.84916,6.03791,6.03825,0.000340646
3.85545,6.04271,6.04308,0.000370914
3.86174,6.04751,6.04791,0.00040531
3.86803,6.0523,6.05274,0.000444394
3.87432,6.05708,6.05757,0.000488803
3.88061,6.06186,6.0624,0.000539257
3.8869,6.06663,6.06723,0.000596572
3.89318,6.07139,6.07205,0.000661675
3.89947,6.07614,6.07687,0.000735616
3.90576,6.08088,6.08169,0.000819586
3.91205,6.0856,6.08651,0.000914932
3.91834,6.0903,6.09133,0.00102318
3.92463,6.09499,6.09613,0.00114606
3.93092,6.09965,6.10094,0.00128554
3.93721,6.10429,6.10574,0.00144382
3.9435,6.10891,6.11053,0.00162342
3.94979,6.11349,6.11532,0.00182717
3.95608,6.11804,6.12009,0.00205829
3.96237,6.12254,6.12486,0.00232041
3.96866,6.127,6.12961,0.00261761
3.97495,6.1314,6.13436,0.00295455
3.98124,6.13574,6.13908,0.00333646
3.98753,6.14002,6.14379,0.00376924
3.99382,6.14421,6.14847,0.00425956
4.00011,6.14832,6.15313,0.00481494
4.0064,6.15232,6.15776,0.00544388
4.01268,6.1562,6.16236,0.00615591
4.01897,6.15995,6.16691,0.0069618
4.02526,6.16355,6.17142,0.00787366
4.03155,6.16697,6.17588,0.00890511
4.03784,6.1702,6.18027,0.0100715
4.04413,6.1732,6.18459,0.0113899
4.05042,6.17594,6.18882,0.0128796
4.05671,6.1784,6.19296,0.0145622
4.063,6.18052,6.19698,0.016462
4.06929,6.18226,6.20087,0.0186058
4.07558,6.18357,6.2046,0.0210238
4.08187,6.1844,6.20815,0.0237496
4.08816,6.18467,6.21149,0.0268205
4.09445,6.1843,6.21458,0.0302779
4.10074,6.18322,6.21739,0.0341677
4.10703,6.18133,6.21987,0.0385405
4.11332,6.17851,6.22196,0.043452
4.11961,6.17465,6.22361,0.0489633
4.1259,6.1696,6.22474,0.0551409
4.13218,6.16321,6.22526,0.0620574
4.13847,6.1553,6.22509,0.0697909
4.14476,6.14569,6.22411,0.0784253
4.15105,6.13415,6.2222,0.0880496
4.15734,6.12043,6.21919,0.0987578
4.16363,6.10429,6.21493,0.110647
4.16992,6.08541,6.20923,0.123818
4.17621,6.06347,6.20185,0.138371
4.1825,6.03814,6.19254,0.154402
4.18879,6.00901,6.18101,0.172004
4.19508,5.97569,6.16694,0.191258
4.20137,5.93773,6.14996,0.212229
4.20766,5.89469,6.12965,0.23496
4.21395,5.84609,6.10555,0.259463
4.22024,5.79144,6.07715,0.285711
4.22653,5.73027,6.04389,0.313624
4.23282,5.6621,6.00517,0.343065
4.23911,5.58651,5.96033,0.373823
4.2454,5.5031,5.9087,0.405602
4.25168,5.41156,5.84958,0.438018
4.25797,5.31168,5.78227,0.470587
4.26426,5.20335,5.70607,0.502726
4.27055,5.08661,5.62037,0.533758
4.27684,4.9617,5.52462,0.562926
4.28313,4.82901,5.41842,0.589414
4.28942,4.68915,5.30153,0.612381
4.29571,4.54293,5.17393,0.631002
4.302,4.39138,5.0359,0.644517
4.30829,4.23568,4.88796,0.652284
4.31458,4.07718,4.73102,0.653831
4.32087,3.91735,4.56625,0.648901
4.32716,3.75769,4.39518,0.637481
4.33345,3.59974,4.21956,0.619817
4.33974,3.44497,4.04137,0.596402
4.34603,3.29474,3.86269,0.56795
4.35232,3.15028,3.68563,0.535348
4.35861,3.01263,3.51222,0.499593
4.3649,2.88261,3.34433,0.461727
4.37118,2.76082,3.1836,0.422778
4.37747,2.64767,3.03137,0.383698
4.38376,2.54334,2.88866,0.345324
4.39005,2.44784,2.75619,0.308353
4.39634,2.361,2.63433,0.273326
4.40263,2.28257,2.5232,0.240632
4.40892,2.21214,2.42265,0.210517
4.41521,2.14926,2.33237,0.183104
4.4215,2.09344,2.25185,0.158409
4.42779,2.04413,2.1805,0.13637
4.43408,2.00081,2.11768,0.116865
4.44037,1.96294,2.06267,0.0997292
4.44666,1.93,2.01478,0.0847744
4.45295,1.90151,1.97331,0.0717998
4.45924,1.87699,1.9376,0.0606026
4.46553,1.85604,1.90702,0.0509852
4.47182,1.83824,1.881,0.0427603
4.47811,1.82324,1.85899,0.0357536
4.4844,1.81072,1.84053,0.0298061
4.49068,1.80038,1.82516,0.0247744
4.49697,1.79197,1.8125,0.0205306
4.50326,1.78524,1.80221,0.0169617
4.50955,1.78,1.79397,0.0139689
4.51584,1.77605,1.78751,0.0114657
4.52213,1.77323,1.78261,0.0093778
4.52842,1.77141,1.77905,0.00764074
4.53471,1.77045,1.77665,0.00619945
4.541,1.77025,1.77525,0.00500681
4.54729,1.7707,1.77472,0.00402273
4.55358,1.77172,1.77494,0.00321315
4.55987,1.77325,1.7758,0.00254923
4.56616,1.77521,1.77722,0.00200665
4.57245,1.77755,1.77911,0.00156487
4.57874,1.78021,1.78142,0.00120666
4.58503,1.78316,1.78408,0.000917559
4.59132,1.78636,1.78705,0.000685453
4.59761,1.78978,1.79028,0.000500229
4.6039,1.79338,1.79374,0.000353452
4.61019,1.79715,1.79739,0.000238103
4.61647,1.80106,1.8012,0.000148357
4.62276,1.80509,1.80517,7.9385e-05
4.62905,1.80922,1.80925,2.71957e-05
4.63534,1.81345,1.81344,1.15021e-05
4.64163,1.81776,1.81772,3.9416e-05
4.64792,1.82214,1.82208,5.87669e-05
4.65421,1.82658,1.82651,7.13712e-05
4.6605,1.83107,1.831,7.87093e-05
4.66679,1.83561,1.83553,8.19835e-05
4.67308,1.84019,1.84011,8.21661e-05
4.67937,1.8448,1.84472,8.00397e-05
4.68566,1.84945,1.84937,7.62308e-05
4.69195,1.85411,1.85404,7.12379e-05
4.69824,1.85881,1.85874,6.54546e-05
4.70453,1.86352,1.86346,5.91889e-05
4.71082,1.86824,1.86819,5.26796e-05
4.71711,1.87298,1.87294,4.61091e-05
4.7234,1.87774,1.8777,3.96143e-05
4.72969,1.88251,1.88247,3.3296e-05
4.73597,1.88728,1.88725,2.72259e-05
4.74226,1.89206,1.89204,2.14528e-05
4.74855,1.89686,1.89684,1.60074e-05
4.75484,1.90165,1.90164,1.09065e-05
4.76113,1.90645,1.90645,6.15622e-06
4.76742,1.91126,1.91126,1.75441e-06
4.77371,1.91607,1.91608,2.30699e-06
4.78,1.92089,1.92089,6.04038e-06
4.78629,1.92571,1.92572,9.46117e-06
4.79258,1.93053,1.93054,1.25867e-05
4.79887,1.93535,1.93537,1.54354e-05
4.80516,1.94018,1.94019,1.80262e-05
4.81145,1.945,1.94502,2.03781e-05
4.81774,1.94983,1.94985,2.25096e-05
4.82403,1.95466,1.95469,2.44388e-05
4.83032,1.95949,1.95952,2.61829e-05
4.83661,1.96432,1.96435,2.77581e-05
4.8429,1.96916,1.96919,2.91798e-05
4.84919,1.97399,1.97402,3.04623e-05
4.85547,1.97882,1.97886,3.16187e-05
4.86176,1.98366,1.98369,3.26614e-05
4.86805,1.98849,1.98853,3.36016e-05
4.87434,1.99333,1.99336,3.44496e-05
4.88063,1.99817,1.9982,3.52148e-05
4.88692,2.003,2.00304,3.59058e-05
4.89321,2.00784,2.00787,3.65304e-05
4.8995,2.01267,2.01271,3.70955e-05
4.90579,2.01751,2.01755,3.76077e-05
4.91208,2.02235,2.02239,3.80725e-05
4.91837,2.02719,2.02722,3.84952e-05
4.92466,2.03202,2.03206,3.88803e-05
4.93095,2.03686,2.0369,3.92322e-05
4.93724,2.0417,2.04174,3.95544e-05
4.94353,2.04654,2.04658,3.98503e-05
4.94982,2.05137,2.05141,4.01229e-05
4.95611,2.05621,2.05625,4.03748e-05
4.9624,2.06105,2.06109,4.06085e-05
4.96869,2.06589,2.06593,4.0826e-05
4.97497,2.07073,2.07077,4.10291e-05
4.98126,2.07556,2.07561,4.12196e-05
4.98755,2.0804,2.08044,4.1399e-05
4.99384,2.08524,2.08528,4.15685e-05
5.00013,2.09008,2.09012,4.17293e-05
5.00642,2.09492,2.09496,4.18824e-05
5.01271,2.09976,2.0998,4.20287e-05
5.019,2.10459,2.10464,4.21692e-05
5.02529,2.10943,2.10947,4.23043e-05
5.03158,2.11427,2.11431,4.24349e-05
5.03787,2.11911,2.11915,4.25614e-05
5.04416,2.12395,2.12399,4.26844e-05
5.05045,2.12878,2.12883,4.28042e-05
5.05674,2.13362,2.13367,4.29213e-05
5.06303,2.13846,2.1385,4.3036e-05
5.06932,2.1433,2.14334,4.31485e-05
5.07561,2.14814,2.14818,4.32592e-05
5.0819,2.15298,2.15302,4.33683e-05
5.08819,2.15781,2.15786,4.34759e-05
5.09447,2.16265,2.1627,4.35823e-05
5.10076,2.16749,2.16754,4.36875e-05
5.10705,2.17233,2.17237,4.37918e-05
5.11334,2.17717,2.17721,4.38953e-05
5.11963,2.18201,2.18205,4.3998e-05
5.12592,2.18684,2.18689,4.41001e-05
5.13221,2.19168,2.19173,4.42016e-05
5.1385,2.19652,2.19657,4.43027e-05
5.14479,2.20136,2.2014,4.44033e-05
5.15108,2.2062,2.20624,4.45035e-05
5.15737,2.21104,2.21108,4.46034e-05
5.16366,2.21587,2.21592,4.4703e-05
5.16995,2.22071,2.22076,4.48023e-05
5.17624,2.22555,2.2256,4.49015e-05
5.18253,2.23039,2.23043,4.50004e-05
5.18882,2.23523,2.23527,4.50992e-05
5.19511,2.24007,2.24011,4.51978e-05
5.2014,2.2449,2.24495,4.52963e-05
5.20769,2.24974,2.24979,4.53947e-05
5.21397,2.25458,2.25463,4.5493e-05
5.22026,2.25942,2.25947,4.55912e-05
5.22655,2.26426,2.2643,4.56893e-05
5.23284,2.2691,2.26914,4.57874e-05
5.23913,2.27393,2.27398,4.58854e-05
5.24542,2.27877,2.27882,4.59833e-05
5.25171,2.28361,2.28366,4.60813e-05
5.258,2.28845,2.2885,4.61792e-05
5.26429,2.29329,2.29333,4.6277e-05
5.27058,2.29813,2.29817,4.63748e-05
5.27687,2.30296,2.30301,4.64726e-05
5.28316,2.3078,2.30785,4.65704e-05
5.28945,2.31264,2.31269,4.66682e-05
5.29574,2.31748,2.31753,4.67659e-05
5.30203,2.32232,2.32236,4.68636e-05
5.30832,2.32716,2.3272,4.69614e-05
5.31461,2.33199,2.33204,4.70591e-05
5.3209,2.33683,2.33688,4.71568e-05
5.32719,2.34167,2.34172,4.72544e-05
5.33347,2.34651,2.34656,4.73521e-05
5.33976,2.35135,2.3514,4.74498e-05
5.34605,2.35619,2.35623,4.75475e-05
5.35234,2.36102,2.36107,4.76451e-05
5.35863,2.36586,2.36591,4.77428e-05
5.36492,2.3707,2.37075,4.78405e-05
5.37121,2.37554,2.37559,4.79381e-05
5.3775,2.38038,2.38043,4.80358e-05
5.38379,2.38522,2.38526,4.81334e-05
5.39008,2.39005,2.3901,4.82311e-05
5.39637,2.39489,2.39494,4.83287e-05
5.40266,2.39973,2.39978,4.84264e-05
5.40895,2.40457,2.40462,4.8524e-05
5.41524,2.40941,2.40946,4.86217e-05
5.42153,2.41425,2.41429,4.87193e-05
5.42782,2.41908,2.41913,4.88169e-05
5.43411,2.42392,2.42397,4.89146e-05
5.4404,2.42876,2.42881,4.90122e-05
5.44669,2.4336,2.43365,4.91099e-05
5.45297,2.43844,2.43849,4.92075e-05
5.45926,2.44328,2.44333,4.93052e-05
5.46555,2.44811,2.44816,4.94028e-05
5.47184,2.45295,2.453,4.95004e-05
5.47813,2.45779,2.45784,4.95981e-05
5.48442,2.46263,2.46268,4.96957e-05
5.49071,2.46747,2.46752,4.97933e-05
5.497,2.47231,2.47236,4.9891e-05
5.50329,2.47714,2.47719,4.99886e-05
5.50958,2.48198,2.48203,5.00863e-05
5.51587,2.48682,2.48687,5.01839e-05
5.52216,2.49166,2.49171,5.02815e-05
5.52845,2.4965,2.49655,5.03792e-05
5.53474,2.50134,2.50139,5.04768e-05
5.54103,2.50617,2.50623,5.05745e-05
5.54732,2.51101,2.51106,5.06721e-05
5.55361,2.51585,2.5159,5.07697e-05
5.5599,2.52069,2.52074,5.08674e-05
5.56619,2.52553,2.52558,5.0965e-05
5.57247,2.53037,2.53042,5.10626e-05
5.57876,2.5352,2.53526,5.11603e-05
5.58505,2.54004,2.54009,5.12579e-05
5.59134,2.54488,2.54493,5.13556e-05
5.59763,2.54972,2.54977,5.14532e-05
5.60392,2.55456,2.55461,5.15508e-05
5.61021,2.5594,2.55945,5.16485e-05
5.6165,2.56423,2.56429,5.17461e-05
5.62279,2.56907,2.56912,5.18437e-05
5.62908,2.57391,2.57396,5.19414e-05
5.63537,2.57875,2.5788,5.2039e-05
5.64166,2.58359,2.58364,5.21367e-05
5.64795,2.58843,2.58848,5.22343e-05
5.65424,2.59326,2.59332,5.23319e-05
5.66053,2.5981,2.59816,5.24296e-05
5.66682,2.60294,2.60299,5.25272e-05
5.67311,2.60778,2.60783,5.26248e-05
5.6794,2.61262,2.61267,5.27225e-05
5.68569,2.61746,2.61751,5.28201e-05
5.69197,2.62229,2.62235,5.29178e-05
5.69826,2.62713,2.62719,5.30154e-05
5.70455,2.63197,2.63202,5.3113e-05
5.71084,2.63681,2.63686,5.32107e-05
5.71713,2.64165,2.6417,5.33083e-05
5.72342,2.64649,2.64654,5.34059e-05
5.72971,2.65132,2.65138,5.35036e-05
5.736,2.65616,2.65622,5.36012e-05
5.74229,2.661,2.66105,5.36989e-05
5.74858,2.66584,2.66589,5.37965e-05
5.75487,2.67068,2.67073,5.38941e-05
5.76116,2.67552,2.67557,5.39918e-05
5.76745,2.68035,2.68041,5.40894e-05
5.77374,2.68519,2.68525,5.4187e-05
5.78003,2.69003,2.69009,5.42847e-05
5.78632,2.69487,2.69492,5.43823e-05
5.79261,2.69971,2.69976,5.448e-05
5.7989,2.70455,2.7046,5.45776e-05
5.80519,2.70938,2.70944,5.46752e-05
5.81147,2.71422,2.71428,5.47729e-05
5.81776,2.71906,2.71912,5.48705e-05
5.82405,2.7239,2.72395,5.49682e-05
5.83034,2.72874,2.72879,5.50658e-05
5.83663,2.73358,2.73363,5.51634e-05
5.84292,2.73841,2.73847,5.52611e-05
5.84921,2.74325,2.74331,5.53587e-05
5.8555,2.74809,2.74815,5.54564e-05
5.86179,2.75293,2.75298,5.5554e-05
5.86808,2.75777,2.75782,5.56517e-05
5.87437,2.76261,2.76266,5.57493e-05
5.88066,2.76744,2.7675,5.5847e-05
5.88695,2.77228,2.77234,5.59446e-05
5.89324,2.77712,2.77718,5.60423e-05
5.89953,2.78196,2.78202,5.61399e-05
5.90582,2.7868,2.78685,5.62376e-05
5.91211,2.79164,2.79169,5.63352e-05
5.9184,2.79647,2.79653,5.64329e-05
5.92469,2.80131,2.80137,5.65306e-05
5.93097,2.80615,2.80621,5.66282e-05
5.93726,2.81099,2.81105,5.67259e-05
5.94355,2.81583,2.81588,5.68236e-05
5.94984,2.82067,2.82072,5.69213e-05
5.95613,2.8255,2.82556,5.70189e-05
5.96242,2.83034,2.8304,5.71166e-05
5.96871,2.83518,2.83524,5.72143e-05
5.975,2.84002,2.84008,5.7312e-05
5.98129,2.84486,2.84492,5.74097e-05
5.98758,2.8497,2.84975,5.75075e-05
5.99387,2.85453,2.85459,5.76052e-05
6.00016,2.85937,2.85943,5.77029e-05
6.00645,2.86421,2.86427,5.78007e-05
6.01274,2.86905,2.86911,5.78985e-05
6.01903,2.87389,2.87395,5.79962e-05
6.02532,2.87873,2.87878,5.8094e-05
6.03161,2.88356,2.88362,5.81919e-05
6.0379,2.8884,2.88846,5.82897e-05
6.04419,2.89324,2.8933,5.83875e-05
6.05047,2.89808,2.89814,5.84854e-05
6.05676,2.90292,2.90298,5.85833e-05
6.06305,2.90776,2.90781,5.86813e-05
6.06934,2.91259,2.91265,5.87793e-05
6.07563,2.91743,2.91749,5.88773e-05
6.08192,2.92227,2.92233,5.89753e-05
6.08821,2.92711,2.92717,5.90734e-05
6.0945,2.93195,2.93201,5.91716e-05
6.10079,2.93679,2.93685,5.92698e-05
6.10708,2.94162,2.94168,5.9368e-05
6.11337,2.94646,2.94652,5.94664e-05
6.11966,2.9513,2.95136,5.95648e-05
6.12595,2.95614,2.9562,5.96632e-05
6.13224,2.96098,2.96104,5.97618e-05
6.13853,2.96582,2.96588,5.98605e-05
6.14482,2.97065,2.97071,5.99593e-05
6.15111,2.97549,2.97555,6.00582e-05
6.1574,2.98033,2.98039,6.01572e-05
6.16369,2.98517,2.98523,6.02564e-05
6.16997,2.99001,2.99007,6.03557e-05
6.17626,2.99485,2.99491,6.04552e-05
6.18255,2.99968,2.99974,6.05549e-05
6.18884,3.00452,3.00458,6.06547e-05
6.19513,3.00936,3.00942,6.07549e-05
6.20142,3.0142,3.01426,6.08552e-05
6.20771,3.01904,3.0191,6.09558e-05
6.214,3.02388,3.02394,6.10568e-05
6.22029,3.02871,3.02878,6.1158e-05
6.22658,3.03355,3.03361,6.12596e-05
6.23287,3.03839,3.03845,6.13616e-05
6.23916,3.04323,3.04329,6.1464e-05
6.24545,3.04807,3.04813,6.15668e-05
6.25174,3.05291,3.05297,6.16702e-05
6.25803,3.05774,3.05781,6.1774e-05
6.26432,3.06258,3.06264,6.18785e-05
6.27061,3.06742,3.06748,6.19836e-05
6.2769,3.07226,3.07232,6.20895e-05
6.28319,3.0771,3.07716,6.2196e-05
